# G_assist(x) × k_fric(y), 每格 625 次
G_assist\k_fric,0.000,0.033,0.067,0.100,0.133,0.167,0.200,0.233,0.267,0.300,0.333,0.367,0.400,0.433,0.467,0.500,0.533,0.567,0.600,0.633,0.667,0.700,0.733,0.767,0.800,0.833,0.867,0.900,0.933,0.967,1.000,1.033,1.067,1.100,1.133,1.167,1.200,1.233,1.267,1.300
0.000,0.80,0.32,0.64,0.80,0.16,0.00,0.64,0.32,1.28,0.16,1.76,0.64,1.12,1.44,1.28,0.48,1.92,0.96,2.24,1.60,2.40,3.04,2.40,3.20,4.80,4.96,4.80,7.52,6.40,10.40,11.04,11.84,14.72,17.28,20.32,19.20,20.48,21.76,25.44,26.08
0.038,0.16,1.12,0.00,0.16,0.32,0.96,1.12,1.12,1.76,1.28,0.48,0.64,1.12,0.80,1.28,1.60,2.08,1.76,1.92,2.56,3.36,1.92,3.20,3.04,4.32,6.72,5.12,6.40,6.88,10.24,11.36,11.36,13.44,14.72,18.72,19.68,18.08,22.88,25.12,28.96
0.077,0.80,0.48,0.96,0.16,0.48,1.12,0.64,0.16,0.64,0.80,1.28,0.96,1.12,1.44,1.28,0.96,0.96,1.92,1.76,1.92,1.92,3.04,3.36,5.12,5.44,5.76,7.52,7.84,6.72,10.88,11.20,13.76,12.48,16.48,16.48,19.36,18.40,22.40,26.40,25.44
0.115,0.16,0.80,0.64,0.64,1.28,0.48,0.32,0.80,0.80,1.12,0.80,0.64,0.96,1.60,1.28,0.80,1.12,2.24,2.08,2.40,2.40,2.88,3.52,5.28,5.76,5.92,5.76,8.00,9.44,9.76,12.16,12.96,15.04,15.52,16.16,18.72,20.64,20.48,24.64,24.80
0.154,0.64,0.48,0.64,0.80,0.64,0.64,0.96,0.96,0.48,0.48,0.64,1.60,0.80,2.88,0.64,0.96,1.76,2.08,2.56,2.56,2.88,4.16,3.68,4.32,5.28,6.08,5.44,7.68,9.76,8.48,11.84,10.72,13.92,16.48,14.40,17.44,18.72,20.80,24.64,25.92
0.192,1.12,0.64,1.44,0.80,0.80,1.12,1.12,1.28,1.28,1.12,0.96,1.44,2.24,0.64,1.60,1.44,2.24,1.76,2.08,2.24,3.04,3.84,4.64,4.96,5.28,5.92,7.68,8.32,8.32,9.76,14.08,12.32,16.32,18.24,16.32,18.56,20.96,23.84,22.40,24.96
0.231,0.80,1.76,1.92,1.12,0.96,1.60,0.96,0.16,1.44,1.12,1.44,2.08,1.76,1.76,1.60,2.72,3.04,2.40,4.00,3.68,4.00,4.96,6.08,4.32,5.76,6.56,6.72,7.84,7.68,10.88,12.32,13.76,11.52,16.48,16.00,19.68,21.28,22.72,22.40,21.60
0.269,1.44,0.96,1.60,1.44,0.80,1.28,1.44,1.60,1.92,1.28,1.92,2.40,1.92,1.44,1.76,3.52,3.36,3.84,2.72,4.48,4.16,6.72,5.28,6.72,7.36,5.92,8.00,8.32,8.48,11.52,12.48,13.12,16.64,16.48,16.96,19.52,22.08,21.44,23.84,23.68
0.308,0.96,0.64,0.48,1.28,0.64,2.08,3.36,1.44,1.60,2.72,3.84,2.56,1.76,1.76,1.76,3.68,4.16,3.52,3.04,4.80,5.44,5.44,6.08,5.92,6.88,8.16,7.84,11.52,10.72,13.60,15.04,14.40,16.16,18.56,17.60,18.08,17.92,23.04,23.04,25.44
0.346,1.92,1.44,1.92,1.60,2.24,1.12,1.44,1.76,2.40,2.56,3.04,1.92,3.84,3.36,4.48,3.04,3.52,4.16,4.00,4.00,6.08,6.56,7.84,9.76,7.68,9.28,11.36,9.76,9.44,12.64,10.08,16.80,13.76,16.16,18.40,18.88,23.52,21.76,23.36,21.76
0.385,1.28,1.92,2.56,1.60,2.24,2.72,1.44,2.24,2.40,3.20,3.04,3.20,3.20,3.20,3.04,3.20,4.32,4.96,4.16,5.44,4.32,7.04,8.48,6.24,8.16,9.44,9.12,10.88,14.88,12.32,15.36,15.52,16.00,20.80,17.12,21.12,21.28,24.48,25.12,27.04
0.423,2.72,2.24,3.20,1.60,3.04,3.20,3.36,2.56,3.04,2.24,2.40,2.24,3.68,4.16,4.32,2.56,5.28,5.92,5.92,6.40,5.44,7.84,8.32,9.28,8.48,12.96,10.56,13.12,13.44,13.12,16.48,17.60,17.44,19.68,18.08,17.76,24.00,24.00,25.44,26.08
0.462,1.44,3.36,2.72,3.84,2.88,2.88,3.04,3.36,3.68,3.84,3.52,3.52,5.28,5.12,4.96,5.28,6.88,5.60,5.12,6.56,6.08,9.28,10.24,11.36,12.16,8.48,12.32,12.00,13.28,13.76,16.96,17.28,15.84,19.04,19.84,21.44,20.96,26.08,26.88,25.60
0.500,2.88,2.40,3.04,3.20,3.20,2.56,3.52,3.52,3.04,4.00,4.48,3.68,4.96,5.76,4.80,4.96,5.44,5.12,8.48,7.84,8.00,10.88,8.32,6.88,8.80,12.96,14.88,13.12,17.28,15.04,16.96,16.64,19.68,22.08,20.32,20.48,24.00,23.04,26.40,27.36
0.538,3.52,1.76,4.32,4.80,4.00,3.68,3.68,4.00,5.44,4.64,4.32,6.72,4.96,5.76,5.28,5.76,8.16,8.32,8.64,8.80,10.08,8.96,10.72,10.24,12.32,11.52,13.92,16.16,13.44,17.76,18.08,16.48,16.80,21.12,19.20,21.92,26.88,26.24,25.44,25.12
0.577,4.00,2.40,3.36,3.20,5.76,3.36,4.32,4.96,4.96,4.16,6.08,4.48,5.92,5.44,7.68,5.76,8.32,6.56,9.76,7.36,10.08,8.32,8.64,11.52,10.56,10.08,16.16,15.52,15.04,16.16,17.28,18.56,19.52,19.68,21.92,23.20,22.56,25.12,27.84,26.40
0.615,2.56,4.80,3.36,3.68,3.68,3.68,4.32,4.32,5.60,4.64,6.40,5.28,6.08,7.20,5.76,8.16,8.00,9.28,9.28,9.76,10.08,11.20,10.56,11.84,13.28,15.04,12.96,15.36,18.40,16.32,19.52,16.16,20.96,19.84,23.84,23.36,24.00,27.36,23.20,26.88
0.654,4.80,3.04,2.88,4.16,4.32,3.36,4.00,5.76,6.24,6.72,7.04,5.92,7.84,7.68,6.40,8.80,8.48,8.32,7.68,10.08,9.28,10.24,11.68,11.04,14.72,15.36,14.56,15.04,17.92,16.48,20.16,22.56,21.60,22.40,22.24,22.24,28.48,24.16,28.00,25.92
0.692,3.36,6.24,4.16,3.36,6.08,4.32,6.08,5.12,5.12,6.56,7.84,7.52,7.68,7.84,7.20,9.12,10.08,8.00,10.08,12.64,11.20,10.56,12.00,11.68,12.96,14.40,14.72,13.76,16.96,19.52,19.20,21.76,20.00,21.28,22.56,24.96,26.24,25.44,26.24,29.44
0.731,4.80,3.84,5.60,6.24,6.24,4.64,5.60,5.28,7.36,7.20,6.40,7.04,8.00,8.32,8.16,9.92,7.52,10.72,9.60,11.20,12.32,10.88,11.84,12.48,14.88,17.28,16.16,16.80,19.68,17.92,19.68,20.32,22.88,22.24,22.72,24.32,23.84,26.56,26.24,27.20
0.769,3.84,4.96,6.72,4.80,4.48,5.60,5.28,5.60,5.76,7.20,6.08,6.56,7.52,8.64,8.64,8.64,10.40,10.40,10.88,9.28,13.12,12.00,11.52,16.00,14.88,15.04,15.04,16.80,19.36,21.28,18.88,22.24,20.48,22.72,22.24,23.20,24.96,25.60,30.72,29.44
0.808,6.08,4.96,4.80,5.76,7.68,7.36,4.96,5.60,9.12,7.20,9.92,7.52,9.76,9.28,9.76,10.24,10.08,10.56,10.40,11.52,8.96,16.00,13.44,15.20,14.08,14.88,17.60,16.00,16.64,19.20,18.88,22.24,17.76,22.72,24.48,24.48,27.04,25.76,28.48,30.88
0.846,4.48,7.04,6.88,5.28,5.60,7.20,6.24,8.16,5.12,8.48,8.32,8.00,8.32,10.40,10.24,9.92,11.04,7.20,13.44,14.08,10.72,13.28,14.56,11.04,14.08,17.28,16.64,19.04,18.08,18.72,21.12,21.76,18.24,23.68,22.88,26.72,28.64,27.36,26.40,26.88
0.885,4.64,4.80,8.16,7.20,6.72,7.20,8.64,7.04,6.72,9.76,6.56,8.80,8.64,9.76,8.80,9.76,11.36,8.64,10.24,10.88,12.96,14.24,14.88,14.88,15.36,16.16,16.80,17.76,20.00,17.60,20.64,22.40,21.60,24.00,26.40,26.24,25.76,25.44,27.68,29.44
0.923,7.36,6.72,6.08,8.32,6.40,8.32,7.68,9.28,8.64,8.48,9.28,8.32,8.64,8.64,8.96,11.36,11.36,12.64,13.92,15.04,13.12,15.68,15.36,15.84,17.60,17.60,18.72,17.28,19.20,19.52,20.64,20.64,21.44,23.84,23.84,23.68,25.44,25.12,29.28,27.84
0.962,9.12,7.36,8.00,5.76,8.64,7.20,8.00,9.92,8.80,9.60,9.92,9.12,8.80,9.44,10.56,10.88,12.32,13.92,13.92,12.80,14.08,17.60,13.76,14.56,16.64,16.96,17.92,16.00,17.28,21.28,19.84,20.64,23.04,24.16,23.84,25.92,22.88,32.16,28.00,29.12
1.000,6.56,8.16,9.28,7.52,6.08,6.56,8.32,9.28,10.88,9.76,9.28,9.92,11.36,12.16,12.32,13.28,10.72,12.32,13.76,14.24,14.40,13.44,15.84,17.44,17.60,20.16,20.32,18.72,22.72,18.72,23.52,24.16,21.76,21.28,26.24,24.80,26.56,26.40,28.64,29.12
1.038,8.64,7.36,8.32,6.24,8.96,9.44,8.16,10.88,10.40,7.84,10.40,8.80,9.92,8.64,12.80,11.36,10.88,12.96,14.08,13.92,16.00,15.04,16.00,15.20,18.40,18.08,20.00,20.64,20.16,21.28,22.88,20.00,24.96,25.12,24.00,23.84,27.52,26.40,27.36,27.52
1.077,7.36,5.60,7.84,9.76,8.32,6.88,9.12,10.24,8.48,9.76,12.80,8.16,12.00,12.96,11.52,13.44,14.88,11.84,12.16,14.72,11.36,12.64,16.32,16.80,16.48,21.12,17.12,17.44,19.20,19.36,22.08,24.00,23.68,24.32,24.16,24.96,24.16,29.76,31.20,32.16
1.115,7.04,6.72,9.28,7.68,9.12,8.96,6.88,10.24,10.56,11.20,10.40,8.48,13.12,13.92,12.64,13.28,13.44,13.60,15.52,14.56,14.40,16.32,15.36,17.28,19.20,18.24,19.36,20.80,19.36,19.68,18.56,22.72,20.64,27.36,24.32,26.24,25.44,28.00,28.48,28.96
1.154,7.20,11.36,8.64,10.88,9.92,12.16,8.96,10.88,10.24,12.16,9.44,13.44,10.40,10.40,11.20,12.80,12.00,17.28,15.04,14.08,15.84,14.56,18.24,14.72,20.16,20.00,18.88,24.32,22.40,20.16,18.88,24.32,22.40,24.00,23.68,25.92,27.20,28.80,28.48,32.32
1.192,7.68,8.32,11.84,8.16,9.28,9.12,9.28,10.72,12.96,12.32,9.12,12.00,11.84,12.00,13.28,13.76,13.92,14.56,16.16,14.72,16.32,15.20,18.08,16.80,20.48,18.88,17.92,21.12,20.48,23.04,21.76,20.80,23.04,24.80,26.88,24.80,26.40,25.92,26.40,29.76
1.231,8.96,9.28,8.48,9.76,10.40,10.24,9.12,11.04,8.96,12.64,11.04,11.20,12.96,12.80,11.52,14.56,13.76,12.48,13.44,16.48,13.76,14.40,16.64,17.28,17.92,20.96,22.08,21.44,19.52,21.76,21.28,22.56,24.00,25.60,24.00,25.76,30.08,27.52,29.92,30.08
1.269,10.24,7.84,7.68,11.36,8.80,9.12,10.24,11.20,10.24,10.40,14.56,13.44,12.64,14.40,15.68,14.56,10.56,16.80,16.48,15.68,13.92,15.20,15.84,18.40,18.88,20.32,20.48,21.12,21.28,22.56,22.72,24.96,24.16,27.04,23.84,27.36,29.12,30.56,30.88,34.40
1.308,7.36,8.48,10.72,10.24,9.60,12.64,12.64,12.00,11.04,10.56,14.40,12.00,12.16,10.88,14.56,11.20,14.88,13.44,12.16,14.88,16.64,18.88,18.56,17.44,15.04,16.00,18.40,21.60,22.40,19.68,21.28,22.72,25.76,24.96,26.72,28.32,26.24,29.60,29.12,34.08
1.346,9.12,8.96,8.32,8.64,9.12,12.00,11.20,15.68,11.84,12.32,14.72,10.08,12.48,12.96,14.72,14.40,13.92,13.92,15.20,15.04,15.04,16.48,17.44,17.28,21.12,17.12,21.60,21.28,21.44,23.68,20.48,20.80,24.48,26.08,23.84,25.12,28.00,30.24,30.08,27.84
1.385,10.40,8.64,10.08,11.84,11.52,12.32,11.04,12.00,13.76,13.12,13.92,12.32,12.48,13.44,14.40,15.36,15.84,14.88,15.68,15.68,18.08,19.20,15.84,19.68,19.52,17.76,21.92,20.16,21.60,23.84,22.24,23.52,22.08,24.64,27.20,26.40,26.72,29.76,32.96,33.44
1.423,10.08,10.72,10.88,9.44,8.96,11.04,9.92,11.04,12.96,12.48,12.00,14.40,12.80,16.16,14.56,16.48,16.48,14.40,17.92,15.04,21.12,18.24,16.96,19.36,16.96,21.44,20.00,19.52,21.12,23.52,22.56,25.28,24.16,23.52,25.12,26.72,30.24,24.96,26.56,28.48
1.462,9.12,10.08,11.68,8.48,11.36,11.52,10.08,12.64,14.24,16.16,11.52,11.68,11.52,13.60,13.12,13.28,15.20,16.16,18.24,14.72,16.96,18.56,16.96,21.92,18.56,20.80,19.04,18.24,19.68,24.32,24.32,26.24,24.16,23.20,25.28,27.04,27.68,30.88,25.92,32.80
1.500,12.48,9.28,10.72,11.84,10.88,11.68,11.84,12.64,9.44,13.12,14.08,13.60,15.04,15.52,17.44,13.92,15.04,15.68,15.52,16.00,17.44,16.80,19.20,15.68,17.76,19.36,17.92,20.80,20.80,22.56,25.28,23.52,25.76,27.52,24.64,28.80,27.04,24.64,27.68,26.40
