# th0_err_rad(x) × mgl_err(y), 每格 625 次
th0_err_rad\mgl_err,0.000,0.008,0.015,0.023,0.031,0.038,0.046,0.054,0.062,0.069,0.077,0.085,0.092,0.100,0.108,0.115,0.123,0.131,0.138,0.146,0.154,0.162,0.169,0.177,0.185,0.192,0.200,0.208,0.215,0.223,0.231,0.238,0.246,0.254,0.262,0.269,0.277,0.285,0.292,0.300
0.000,3.36,5.44,5.12,4.16,3.20,4.32,4.00,5.28,5.12,3.84,4.96,7.04,7.36,6.88,4.32,4.64,5.60,6.88,5.76,4.96,8.80,4.80,7.84,5.92,6.56,7.84,7.84,8.96,8.00,9.44,9.28,6.08,12.00,6.88,10.56,8.32,10.24,7.68,9.60,8.48
0.008,3.52,4.96,2.40,4.16,3.36,4.96,5.60,5.44,7.04,5.92,5.60,5.60,5.92,5.44,6.40,5.92,6.88,5.60,8.48,7.04,5.60,7.84,8.32,7.68,7.36,8.00,7.68,8.64,6.08,7.04,7.20,9.92,7.84,7.84,10.40,10.40,9.44,10.24,11.36,10.56
0.015,4.48,5.12,4.96,3.20,4.16,5.12,3.84,3.36,5.28,5.92,5.28,4.16,5.12,5.12,5.12,6.40,4.64,6.24,6.88,7.20,8.00,6.56,7.36,8.00,6.88,6.72,6.72,7.52,6.88,7.84,7.52,9.12,6.56,8.16,8.80,8.48,8.96,7.04,9.92,10.88
0.023,3.84,4.16,4.96,5.44,5.28,3.84,3.52,4.64,4.64,4.80,4.32,4.64,6.72,7.20,6.08,5.12,5.76,6.24,6.24,5.92,6.56,5.92,6.24,8.32,6.08,8.64,6.56,8.48,10.72,8.32,9.92,6.40,9.60,7.68,10.08,8.48,8.64,9.28,12.00,8.96
0.031,5.44,4.48,4.96,4.48,4.64,3.36,4.64,5.28,4.32,4.48,4.80,7.04,4.80,5.76,5.76,6.40,5.28,5.92,5.76,6.24,6.56,8.80,7.84,8.32,7.20,8.64,7.20,7.36,8.64,8.64,8.16,8.16,8.00,8.16,8.96,9.76,8.00,9.44,9.76,11.20
0.038,5.60,4.32,4.80,3.52,3.84,4.32,4.32,5.92,4.16,5.28,4.64,5.60,6.72,5.12,7.04,5.28,6.40,5.76,6.56,6.72,6.24,8.80,7.68,8.32,5.92,8.64,7.84,8.64,5.92,8.00,9.60,8.32,10.40,11.20,8.64,9.44,8.64,10.72,10.56,10.40
0.046,3.52,3.84,5.92,3.52,5.44,4.96,4.96,3.04,4.32,5.92,4.64,5.44,6.88,4.00,6.08,6.72,6.72,6.72,7.36,7.68,6.88,6.88,6.56,5.92,6.24,8.32,7.20,6.88,8.00,8.00,9.28,10.88,7.52,8.80,9.60,10.08,12.00,10.56,9.28,7.84
0.054,4.80,4.80,4.96,4.00,2.72,4.32,5.60,4.48,5.76,4.00,4.80,7.84,4.48,4.96,5.76,6.56,6.24,6.88,5.28,6.88,6.08,8.32,7.36,8.32,7.52,6.72,7.04,6.56,7.68,7.84,8.64,7.36,8.32,7.84,9.28,8.96,11.52,8.96,9.44,7.20
0.062,4.80,4.16,3.20,4.32,4.48,5.60,7.04,4.32,5.76,5.12,7.36,6.72,4.80,4.64,4.00,6.40,8.32,6.56,4.80,6.24,5.28,8.32,5.92,6.24,6.24,6.40,6.56,7.84,8.16,8.80,9.60,8.48,7.36,12.16,7.84,6.56,9.12,10.24,9.12,9.28
0.069,4.48,3.36,6.24,4.48,4.48,4.00,5.44,4.80,5.12,5.44,5.44,5.60,5.28,4.96,7.04,5.92,6.56,6.72,5.44,5.44,7.20,8.80,9.12,9.28,8.00,8.16,8.80,7.36,7.52,8.48,7.20,8.64,9.76,7.84,8.96,7.68,11.36,8.16,7.52,7.52
0.077,4.00,5.28,4.64,3.68,4.16,7.04,4.96,4.16,4.80,5.28,6.08,5.44,4.16,5.12,4.32,5.44,5.76,6.56,5.76,5.92,5.12,6.40,7.36,4.96,7.20,7.84,6.40,8.00,8.64,8.16,8.16,7.84,8.16,9.60,9.76,7.68,9.60,10.24,11.04,11.68
0.085,6.56,4.64,5.28,4.48,4.48,5.12,5.44,4.80,5.44,3.84,3.36,4.96,5.28,5.76,5.60,4.16,5.92,7.84,6.56,7.36,5.28,6.56,7.68,7.68,5.76,9.28,6.72,8.96,9.60,7.84,7.36,6.88,9.28,8.64,8.48,8.32,11.20,9.12,8.96,9.28
0.092,3.20,5.92,6.24,6.40,4.32,4.96,5.44,5.12,5.60,5.60,5.76,5.28,6.72,5.92,5.60,6.56,7.20,5.60,5.60,5.76,5.92,6.72,8.48,8.80,7.36,5.76,7.52,7.84,7.68,8.96,9.12,8.00,6.56,10.88,7.52,11.20,8.64,10.40,9.92,9.12
0.100,5.28,4.80,5.12,5.76,4.96,4.48,5.44,5.76,4.16,5.60,4.96,4.80,5.28,6.40,5.44,5.76,5.12,5.44,8.32,6.88,6.88,7.52,6.72,5.92,6.72,9.76,7.36,8.00,9.44,8.80,10.72,8.48,9.12,8.80,8.00,8.64,10.08,9.76,8.32,11.36
0.108,5.60,3.36,5.76,6.72,4.64,4.96,4.32,5.92,6.24,6.56,5.76,7.20,5.60,6.40,6.08,6.24,6.88,7.68,6.88,6.40,7.36,6.24,7.04,6.08,8.16,7.84,7.52,8.32,6.88,10.08,9.28,9.12,8.00,8.96,7.68,8.96,10.40,10.56,8.32,9.60
0.115,4.96,4.64,4.96,4.16,7.52,4.80,5.60,6.08,5.76,4.64,6.56,4.48,6.08,5.60,8.00,5.44,7.68,6.72,8.16,7.36,7.68,5.44,5.92,6.24,7.20,5.76,7.52,8.80,6.40,7.36,8.32,7.20,8.48,8.64,7.68,9.60,9.76,10.56,9.28,8.96
0.123,4.32,5.12,4.16,5.12,4.16,4.00,4.32,5.92,5.60,4.80,6.24,4.80,6.40,7.20,4.80,7.20,7.04,6.24,7.84,6.72,7.20,7.68,8.48,6.24,7.84,8.32,5.44,8.32,8.32,9.60,11.20,5.60,10.56,8.16,8.32,10.24,9.92,9.12,8.16,8.96
0.131,5.44,4.64,4.48,5.28,4.48,5.28,4.16,5.28,6.40,5.60,7.04,6.56,6.72,6.24,6.08,8.16,7.52,6.24,5.76,7.84,6.88,6.08,6.88,7.04,9.92,8.32,8.32,7.68,8.32,8.96,8.32,7.68,8.64,8.64,9.76,9.44,10.24,8.96,11.52,9.44
0.138,3.20,5.76,4.96,3.52,5.60,5.12,5.44,5.44,5.12,5.76,6.72,5.60,6.56,6.40,5.12,6.88,7.84,5.12,7.36,7.04,7.52,8.16,8.32,8.00,7.52,7.20,6.56,6.88,7.68,10.72,7.52,7.36,8.96,10.24,8.96,8.80,10.72,10.72,9.92,10.08
0.146,4.80,4.48,5.76,6.24,5.76,4.80,4.16,4.00,8.00,6.24,4.80,4.96,5.12,6.88,6.88,7.04,4.96,8.32,6.56,7.52,8.00,5.76,7.36,7.68,7.52,6.88,7.20,9.12,9.12,8.48,7.20,8.16,7.52,6.56,8.00,10.72,9.60,9.60,11.20,10.08
0.154,4.48,4.48,7.04,3.68,4.80,6.40,5.60,4.64,4.80,5.92,4.16,5.60,7.04,6.40,5.60,6.08,7.52,5.92,7.04,5.12,8.00,7.04,6.08,8.00,7.36,8.00,7.04,8.00,8.32,9.44,7.04,8.48,8.96,9.76,8.96,9.28,8.48,11.52,11.84,9.76
0.162,5.60,5.12,4.00,4.96,6.88,5.60,4.16,4.48,5.92,5.12,8.00,6.56,6.56,7.04,7.04,7.36,7.36,6.72,6.08,7.36,4.00,9.92,9.12,8.64,6.72,8.00,8.16,7.36,7.84,7.68,8.64,9.12,6.88,9.12,11.36,11.04,8.48,8.64,7.36,10.72
0.169,5.44,5.60,6.72,5.28,4.32,6.40,4.32,5.76,4.16,6.40,5.92,5.76,5.44,7.84,6.88,7.04,8.32,5.92,8.96,8.32,6.72,6.88,7.04,6.72,7.20,8.00,8.32,7.84,8.16,8.00,10.24,9.28,7.36,9.92,8.48,11.04,10.40,10.88,7.20,8.64
0.177,4.32,4.64,6.24,5.76,6.08,5.76,5.92,5.60,4.80,7.52,3.84,6.08,4.96,6.88,4.80,6.40,5.92,5.44,5.92,6.72,7.52,6.72,8.16,8.48,7.68,9.44,7.68,7.68,9.44,6.08,7.04,9.44,7.84,8.00,8.00,11.52,11.36,9.28,8.32,10.24
0.185,6.72,4.96,3.68,6.56,4.96,6.56,6.40,8.64,6.24,6.88,6.72,6.08,6.88,6.72,4.96,6.88,7.04,7.68,8.80,9.12,8.48,9.28,8.16,9.76,8.48,7.36,8.32,6.40,8.96,7.68,8.64,8.16,9.76,8.80,8.16,11.36,7.84,9.28,10.08,10.24
0.192,7.36,6.72,7.20,5.12,5.44,5.92,6.08,6.40,5.60,7.36,6.24,5.44,5.92,6.56,5.76,6.88,7.84,6.40,8.96,7.84,7.04,9.76,6.72,8.64,7.84,8.64,7.84,6.56,6.56,7.84,8.48,8.16,9.76,9.60,8.80,9.12,6.40,9.44,8.80,8.80
0.200,6.56,6.08,6.72,5.28,4.32,4.32,5.92,5.60,6.88,6.40,6.40,5.60,6.88,5.76,8.00,7.52,5.92,6.24,6.88,6.72,8.16,6.72,8.96,8.80,9.28,9.12,9.12,8.80,10.24,7.68,10.24,9.92,7.36,8.80,11.36,9.12,7.04,8.32,8.80,10.88
0.208,6.40,5.12,6.08,4.80,5.92,5.92,6.24,7.84,5.12,5.28,6.88,6.24,5.60,6.08,7.20,8.64,6.08,7.20,7.36,7.20,7.04,7.84,8.32,8.32,8.96,8.16,8.80,8.80,8.48,8.80,8.32,7.84,9.60,10.72,8.00,8.00,11.20,8.16,9.44,7.84
0.215,6.24,5.28,5.76,5.44,5.60,3.84,6.72,7.68,5.92,6.56,7.68,5.12,7.84,8.00,6.88,7.36,8.48,6.56,6.88,8.80,4.96,5.44,6.24,7.52,6.56,8.96,6.72,6.56,8.00,7.84,8.32,9.44,8.80,7.68,9.92,8.80,9.44,9.60,10.72,10.56
0.223,4.96,5.28,5.60,5.12,6.08,5.92,4.00,7.04,7.20,8.00,6.40,6.08,6.88,7.20,5.92,6.40,7.04,6.72,8.00,8.00,7.52,8.16,7.68,9.60,7.84,7.84,8.00,9.44,6.88,9.12,6.56,9.44,7.04,10.40,11.52,9.28,9.76,10.08,9.44,8.64
0.231,5.28,7.20,5.44,8.32,6.72,8.80,7.20,7.20,6.56,7.04,5.44,8.48,5.28,6.40,5.44,7.84,6.40,8.64,9.60,8.80,8.16,6.08,9.12,6.40,9.60,8.32,7.52,9.60,11.36,8.96,8.32,11.84,8.16,10.08,7.68,10.24,8.64,10.24,10.40,8.64
0.238,6.56,5.76,8.64,6.88,6.72,6.08,6.56,6.40,7.52,5.76,4.64,7.36,6.56,7.20,6.72,7.68,7.84,8.48,8.64,7.68,7.84,7.84,7.84,8.96,9.12,8.80,8.16,9.12,9.12,9.12,8.80,7.20,10.08,10.72,10.08,6.88,9.92,11.04,8.48,8.80
0.246,6.40,6.72,5.60,6.88,6.56,7.04,5.92,6.40,4.80,7.84,6.24,7.04,6.88,7.52,7.84,8.32,6.40,8.00,8.64,7.52,7.04,5.92,7.36,8.96,8.96,8.64,9.28,9.44,8.16,9.44,10.08,9.12,7.68,11.36,9.92,10.08,8.32,8.96,10.24,10.88
0.254,7.68,4.80,7.20,6.56,5.76,4.32,7.84,7.52,6.40,5.76,7.04,7.84,7.04,6.88,7.84,7.36,5.44,8.80,6.72,8.48,5.92,7.68,7.04,8.16,8.16,9.12,7.52,8.96,7.52,11.36,8.80,11.04,9.76,10.88,9.44,11.20,8.96,10.56,12.16,11.84
0.262,5.60,6.24,6.24,6.40,7.04,7.84,6.88,7.84,7.04,6.24,9.44,6.40,4.48,6.24,7.04,5.92,8.96,7.20,5.76,6.72,9.28,7.36,10.24,8.48,6.56,7.36,8.96,8.32,10.08,6.40,9.28,8.64,9.92,9.92,10.40,10.72,7.84,8.80,10.24,11.84
0.269,5.44,5.92,6.08,5.60,6.40,6.24,6.24,9.12,5.12,7.84,8.96,5.44,6.56,5.60,7.68,7.84,8.16,8.80,7.20,7.04,6.72,8.64,8.64,9.12,11.36,8.80,10.24,9.44,7.52,10.40,6.24,7.20,7.20,10.72,8.16,10.56,8.16,10.88,9.92,10.08
0.277,6.40,5.60,7.52,7.68,5.76,5.76,7.84,8.00,7.20,6.72,8.48,5.76,7.52,8.00,8.00,7.52,9.12,8.32,8.32,7.36,8.96,10.40,5.92,8.80,8.80,8.80,9.76,8.48,8.48,11.68,8.96,9.28,7.36,9.60,11.68,9.76,10.72,13.28,12.00,11.68
0.285,5.76,7.52,6.72,5.44,6.08,6.72,5.60,6.40,8.16,8.00,6.24,6.08,5.76,8.64,6.88,8.00,9.60,8.64,8.16,8.32,9.28,8.16,8.00,9.60,8.32,9.60,7.52,7.36,8.80,10.72,9.44,11.52,9.76,9.76,10.88,9.44,11.04,7.52,9.28,9.12
0.292,5.44,5.44,7.52,5.92,7.36,6.72,5.44,7.68,8.48,7.52,7.36,5.12,6.40,8.16,7.36,8.00,8.16,7.20,10.40,8.64,7.36,7.68,8.96,11.20,8.16,7.68,11.36,7.52,8.96,9.92,9.92,12.48,9.12,10.08,10.88,10.08,12.16,9.60,11.52,11.36
0.300,7.36,5.44,7.36,8.00,6.88,6.24,7.04,7.52,4.80,6.40,7.52,7.36,8.32,7.68,7.52,7.36,8.00,7.68,8.80,6.72,8.00,7.52,7.84,7.20,6.40,7.52,8.48,9.60,9.60,10.24,10.40,8.96,8.80,12.80,10.88,10.08,9.92,7.52,8.96,10.24
